id;nom;numero;role
1;integrated Belize Dollar Coordinator;bypassing connecting;invoice North Carolina
2;content Designer Avon;parsing;Cuba generating Rustic Concrete Shoes
3;markets;Bacon copying Money Market Account;deposit bleeding-edge Avon
4;navigating hierarchy;Mobility;San Marino
5;web-enabled invoice;Ball invoice;Tasty Fresh Fish red
6;hack out-of-the-box black;Optimization;JSON
7;navigating incubate Multi-lateral;connecting Vietnam;Squares
8;Ridges Small Soft Computer Money Market Account;orchid;Up-sized
9;benchmark Kansas installation;index;Accountability relationships
10;Intuitive California;Architect e-business alarm;circuit Expanded feed
