id;libel_step;responsable;contact
1;Ergonomic action-items generating;pixel;New York Minnesota hybrid
2;calculate Credit Card Account project;Shirt Idaho Refined;indexing Borders
3;JSON mobile Generic Concrete Pizza;Sausages Executive Credit Card Account;International Generic Soft Pants GB
4;Soft;SQL copying;incubate systematic
5;program PCI Savings Account;ADP Kina;asynchronous Angola
6;transmitting;California;New Zealand Dollar Inverse
7;indexing Pennsylvania Mexican Peso Mexican Unidad de Inversion (UDI);Interactions;Home Loan Account Money Market Account target
8;deliver;Unbranded Concrete Soap Australian Dollar;Division mindshare
9;Reunion Connecticut;proactive application;front-end Direct Checking Account
10;secured line index Plastic;optimal Estonia;Buckinghamshire array digital
