id;libel_stbv;responsable;contact
1;index;Balboa US Dollar 1080p Parks;leading-edge
2;driver Auto Loan Account;Canada;Ergonomic Andorra User-centric
3;Jewelery Keyboard e-commerce;parse;cultivate Licensed Granite Chips
4;Small cultivate Palau;Clothing Lari Developer;Avon Bedfordshire EXE
5;1080p;bypassing cohesive Handmade;multi-tasking client-driven
6;Forges;generating;Central Avon Agent
7;strategize;concept;Direct
8;Corner multi-tasking Grocery;matrix primary;Multi-tiered Legacy Handmade Steel Mouse
9;Guinea Franc Investment Account Rial Omani;orchid Fantastic;Administrator unleash PCI
10;Intelligent;Hawaii;Granite Tonga deposit
