id;ref_ouvrage;prj_appuis;num_compteur;nom_benef;prenom_benef;profession_benef;nb_usagers;code_un;date_remise_devis;date_debut_travaux;date_fin_travaux;num_nom_rue;num_nom_porte;menage;subv_onea;subv_projet;autre_subv;ref_bon_fourniture;realis_porte;realis_toles;animateur;superviseur;controleur
1;RAM Borders;backing up Auto Loan Account Savings Account;Vermont;payment Sausages matrix;Concrete;Auto Loan Account;96820;Shirt Sudan;2020-11-25T13:47:51;2020-11-25T18:22:52;2020-11-26T04:01:32;Borders connect;Industrial;navigate Steel;93533;40325;95006;Bike synergistic;71169;48512;hack syndicate Bahrain;streamline;Indiana Factors Bedfordshire
2;cross-media Tasty Rubber Table;cultivate Ghana;Shoes synergies Central;enterprise Berkshire;Clothing;Saint Pierre and Miquelon;49757;Metal synthesize;2020-11-25T13:04:30;2020-11-25T20:00:48;2020-11-25T11:27:18;white Soft Bike;generating pink access;Producer;16652;16992;98854;Wall facilitate;86407;2117;asymmetric reintermediate;scale connecting;Freeway Awesome Soft Car Mountain
3;Specialist;Metical Incredible Granite Gloves;Sleek Prairie deposit;Metal;Japan;Wooden;74920;Islands solid state monitor;2020-11-25T17:11:31;2020-11-25T19:02:16;2020-11-26T01:45:20;web-enabled;empowering bypassing;Nuevo Sol system engine olive;62204;1627;44306;Synchronised Heights;82879;84218;Kids Rufiyaa help-desk;silver Handcrafted Metal Towels Versatile;Fantastic Rubber Tuna
4;enable North Carolina Guinea Franc;solid state Handcrafted Metal Soap;Turks and Caicos Islands relationships Nebraska;teal Vanuatu;Fundamental;adapter;24632;Director;2020-11-26T02:02:02;2020-11-26T07:40:13;2020-11-26T03:02:27;Fully-configurable;Unbranded Plastic Soap;Human back-end synthesize;50166;11627;28418;platforms Specialist Integration;37458;20575;Ergonomic Metal Ball;Checking Account;Unbranded Fresh Pants Gorgeous
5;backing up maximize;utilize Jewelery;Computers firmware Handmade Granite Towels;compressing port;Handmade Granite Table red Gorgeous;synergize Designer;57060;Roads Robust Mills;2020-11-25T21:05:54;2020-11-25T21:36:11;2020-11-26T07:01:05;markets reintermediate Handcrafted Frozen Keyboard;framework Credit Card Account;withdrawal microchip;68364;23734;2229;West Virginia;30887;60002;orange calculate withdrawal;Technician lavender;frictionless enterprise
6;envisioneer South Carolina markets;Dynamic Diverse Data;copying Avon port;mission-critical Synchronised;connect Rubber;Plastic SDR;82928;Tools Branding;2020-11-26T03:52:22;2020-11-26T10:45:13;2020-11-25T23:50:31;Cloned;withdrawal;orchestrate Baby Intelligent Frozen Hat;66148;55729;33877;syndicate Tactics violet;97371;11474;complexity Refined Concrete Chair Soft;application facilitate;Iowa Electronics
7;withdrawal;synergize Metal Soft;leading edge Paradigm;synthesizing;Accountability;Movies Metal;19140;Concrete B2B;2020-11-25T23:10:34;2020-11-26T06:41:22;2020-11-26T11:10:51;Avon;optimize Rustic Cotton Tuna Nebraska;parsing Sports;71100;16201;49352;Enterprise-wide Fantastic Frozen Keyboard bricks-and-clicks;7449;7544;pixel withdrawal;Shirt transmit;firewall
8;wireless;Wooden solid state array;Principal connecting Generic Rubber Bike;generate Savings Account;Phased;multi-byte Investor;39405;Kids Rustic disintermediate;2020-11-25T15:19:30;2020-11-26T02:39:50;2020-11-25T15:41:54;fault-tolerant explicit;HTTP;capacity Maine Virginia;69076;44364;29430;calculating;70477;20219;programming;ability;open-source
9;digital;real-time;Tasty;incremental harness parse;Computers Pakistan Rupee;Pakistan Rupee sensor brand;11528;Legacy Credit Card Account;2020-11-25T21:56:50;2020-11-25T11:23:48;2020-11-25T18:42:15;input Checking Account compress;alliance;Berkshire Savings Account North Dakota;55232;11701;16088;Architect;8625;35390;United States Minor Outlying Islands Dominican Republic Officer;Metrics Mountain;Licensed Fresh Soap synthesizing
10;Salad Sleek Steel Soap hack;holistic Usability;Handcrafted Berkshire Bypass;bypassing;Tuna Bedfordshire;withdrawal hub bypassing;77710;Syrian Arab Republic;2020-11-25T16:14:54;2020-11-26T03:37:14;2020-11-26T06:23:45;functionalities Practical Soft Chair archive;Handmade Metal Bacon Designer;THX Incredible Cotton Tuna;16312;82846;95749;Rustic synthesizing invoice;33654;43407;withdrawal index;Checking Account Architect Handcrafted Cotton Car;indexing GB
