id;num_abonnement;nom;prenom;adresse;proprietaire_paracelle;entreprise;other_usage
1;33753;bi-directional;invoice;Belize Dollar;Specialist Borders;Leone plug-and-play;synthesize Savings Account
2;23913;programming;web-readiness microchip Minnesota;invoice;Pizza;Ridge Supervisor;Plaza Steel COM
3;93615;toolset matrix Credit Card Account;Svalbard & Jan Mayen Islands;interactive holistic Credit Card Account;Representative JSON system;Money Market Account leading edge New Mexico;Texas
4;20556;Cotton;withdrawal neural;Computer IB drive;connecting neural grow;bi-directional;payment
5;80561;COM leading edge;North Korean Won alarm indexing;Bedfordshire Louisiana fuchsia;Dynamic overriding empower;bypass;Sleek HTTP
6;77826;Frozen North Dakota;Optional;purple;non-volatile;Graphical User Interface reboot;GB
7;76711;User-friendly infrastructures;navigate;neural Security Chips;auxiliary;Agent Cotton;Streamlined
8;78813;input Incredible Plastic Towels;structure;open-source calculate back-end;impactful;Organic stable motivating;quantifying Books Health
9;40347;budgetary management New York Handcrafted;port neural online;Cameroon Engineer Incredible Steel Soap;Generic next-generation Egypt;mint green overriding;Intelligent Practical Wooden Pizza
10;11822;Licensed Cotton Salad;synergize Baby Home Loan Account;Concrete;Buckinghamshire withdrawal;structure payment;Towels Money Market Account
