id;nb_camions;volume;energie
1;Shirt Handmade Investment Account;generate Danish Krone;International
2;e-commerce synergize;Garden copy;Michigan
3;Balanced Generic Rubber Shirt;Awesome Lead;customized payment
4;impactful solid state Place;upward-trending;Plain Associate
5;virtual;backing up reboot Brand;salmon bypass Associate
6;architectures deposit;optimize;Checking Account Ireland New Zealand
7;wireless JSON parsing;real-time silver Ergonomic Rubber Fish;Steel
8;Sleek;brand;Drive Developer
9;Investment Account circuit HDD;user-facing;sky blue orange
10;Adaptive Isle;Handcrafted Soft Bike;Frozen web-readiness Tasty Steel Fish
