id;nom;tel;adresse
1;Fantastic Wooden Sausages copying;Tactics Savings Account;superstructure Tenge mobile
2;Bedfordshire;Sports withdrawal;Engineer
3;local area network Checking Account Lek;multi-byte scale Codes specifically reserved for testing purposes;Directives
4;Identity overriding;Regional Rubber;repurpose best-of-breed Investment Account
5;connect payment Garden;product migration;Club regional Managed
6;generate teal Data;Bosnia and Herzegovina gold;payment Consultant
7;quantify Future;Utah;parse quantifying
8;Maine value-added New Jersey;turn-key Buckinghamshire;invoice copying
9;budgetary management;program;Avon Oklahoma e-tailers
10;multi-state USB;Ireland system connecting;stable architect
